{
    "Sun":{
        "m":0.9999999999950272,
        "x":-0.008275095945775721,
        "y":-0.0024128761991964115,
        "z":0.00021289244521150222,
        "vx":0.001563217462366331,
        "vy":-0.002798341397345918,
        "vz":-1.189654501477506e-05
    },
    "Mercury":{
        "m":1.6601208254808336e-07,
        "x":-0.32887190074636113,
        "y":-0.3149112646388192,
        "z":0.004081716549750979,
        "vx":5.081866262775413,
        "vy":-6.894586437998819,
        "vz":-1.029202836209595
    },
    "Venus":{
        "m":2.447838287784771e-06,
        "x":0.1478769199764277,
        "y":0.7009190768704976,
        "z":0.000861936131242042,
        "vx":-7.235159380038099,
        "vy":1.5620491744988447,
        "vz":0.4390428457875071
    },
    "Earth":{
        "m":3.0404326489511185e-06,
        "x":0.8351242851535389,
        "y":0.5242491311252133,
        "z":0.0001782052528422811,
        "vx":-3.4291670058345485,
        "vy":5.30364031240485,
        "vz":-0.00028253660090725446
    },
    "Mars":{
        "m":3.2271560828978514e-07,
        "x":-1.1423799813642868,
        "y":-1.0829181298939534,
        "z":0.005387246448552959,
        "vx":3.7188650013090894,
        "vy":-3.2664070158030203,
        "vz":-0.15959177786445025
    },
    "Jupiter":{
        "m":0.0009547919099366768,
        "x":3.8322789717398233,
        "y":3.155680334997679,
        "z":-0.0988309314625186,
        "vx":-1.7825917523477857,
        "vy":2.258013134256617,
        "vz":0.03051427020420368
    },
    "Saturn":{
        "m":0.0002858856700231729,
        "x":8.859629973928685,
        "y":-4.060958283210491,
        "z":-0.28213433111409125,
        "vx":0.7352238353339668,
        "vy":1.848391207284748,
        "vz":-0.06141304549616085
    },
    "Uranus":{
        "m":4.366249613200406e-05,
        "x":12.469480866822849,
        "y":15.143498568102551,
        "z":-0.10530121259266097,
        "vx":-1.1195346863038251,
        "vy":0.8462281377560209,
        "vz":0.017646374379375503
    },
    "Neptune":{
        "m":5.151383772628957e-05,
        "x":29.82303951650209,
        "y":-2.004955456027058,
        "z":-0.6460140548029719,
        "vx":0.06932712216518322,
        "vy":1.150786575365211,
        "vz":-0.025295968135178797
    }
}