{
    "Sun": {
        "m": 1.0,
        "x": -0.008275928523131646,
        "y": -0.002412955909260541,
        "z": 0.0002129847917463435,
        "vx": 0.001563209516110309,
        "vy": -0.00279834387848633,
        "vz": -1.1897342044162247e-05
    },
    "Mercury": {
        "m": 1.6601e-07,
        "x": -0.3288727333237171,
        "y": -0.3149113443488833,
        "z": 0.004081808896285821,
        "vx": 5.081866254829157,
        "vy": -6.8945864404799595,
        "vz": -1.0292028370066246
    },
    "Venus": {
        "m": 2.4486e-06,
        "x": 0.1478760873990718,
        "y": 0.7009189971604337,
        "z": 0.0008620284777768831,
        "vx": -7.235159387984355,
        "vy": 1.5620491720177048,
        "vz": 0.43904284499047785
    },
    "Earth": {
        "m": 3.0035e-06,
        "x": 0.8350940364251205,
        "y": 0.5242523699708814,
        "z": 0.0001797078847873145,
        "vx": -3.4294813487041504,
        "vy": 5.300905068108496,
        "vz": -0.0005003667424333687
    },
    "Mars": {
        "m": 3.2271e-07,
        "x": -1.142380813941133,
        "y": -1.082918209604618,
        "z": 0.005387338794761733,
        "vx": 3.7188649966966163,
        "vy": -3.2664070122042372,
        "vz": -0.15959177983833905
    },
    "Jupiter": {
        "m": 0.00095479,
        "x": 3.832279080964868,
        "y": 3.155679726126963,
        "z": -0.09883084563758733,
        "vx": -1.782566728850264,
        "vy": 2.2580822218781607,
        "vz": 0.03051730064218572
    },
    "Saturn": {
        "m": 0.00028589,
        "x": 8.859627636984834,
        "y": -4.060957365318376,
        "z": -0.2821346245506309,
        "vx": 0.7350575389462007,
        "vy": 1.8481857953199385,
        "vz": -0.061290640417909936
    },
    "Uranus": {
        "m": 4.3662e-05,
        "x": 12.46948025338737,
        "y": 15.14349844631005,
        "z": -0.1053010776999833,
        "vx": -1.1195032119335089,
        "vy": 0.8462145037987729,
        "vz": 0.017599048273524404
    },
    "Neptune": {
        "m": 5.1514e-05,
        "x": 29.82303984118698,
        "y": -2.004954692992931,
        "z": -0.6460141464480276,
        "vx": 0.06943972311855932,
        "vy": 1.150838194015657,
        "vz": -0.025341524111199356
    }
}